Opportunities.Product Name,Sum(Opportunities.Budget),Avg(Opportunities.Discount)
Tablets,6051625,0.06535880195599031
Ergonomic Seating,2925875,0.04287727272727266
Desktops,2132125,0.04131766055045871
Stand-up Desks,8685625,0.03754291417165633
Design app,21296500,0.03660397897897873
Webcams,1289000,0.03542596153846119
Laser Printers,2519625,0.02507600950118743
Mobile app,6957375,0.019569200779727094
All-in-One,8563125,0.013738785046729053
Scanners,2813750,0.008401812688821744